TrialID,BlockCount,SampleOnStimIndices,SampleOnStimLocations,TargetOnStimIndices,TargetOnStimLocations
SDMS_1,1,"[6, 23, 15]","[[-3, .15, 0],[0, .15, 0],[3, .15, 0]]","[21, 23, 17]","[[-3, .15, 0],[0, .15, 0],[3, .15, 0]]"
SDMS_2,1,"[1, 14, 12]","[[-3, .15, 0],[0, .15, 0],[3, .15, 0]]","[0, 13, 23]","[[-3, .15, 0],[0, .15, 0],[3, .15, 0]]"
SDMS_3,1,"[15, 9, 0]","[[-3, .15, 0],[0, .15, 0],[3, .15, 0]]","[17, 17, 13]","[[-3, .15, 0],[0, .15, 0],[3, .15, 0]]"
SDMS_4,1,"[4, 15, 17]","[[-3, .15, 0],[0, .15, 0],[3, .15, 0]]","[4, 2, 10]","[[-3, .15, 0],[0, .15, 0],[3, .15, 0]]"
SDMS_5,1,"[18, 10, 21]","[[-3, .15, 0],[0, .15, 0],[3, .15, 0]]","[16, 7, 12]","[[-3, .15, 0],[0, .15, 0],[3, .15, 0]]"
SDMS_6,1,"[4, 15, 17]","[[-3, .15, 0],[0, .15, 0],[3, .15, 0]]","[2, 15, 17]","[[-3, .15, 0],[0, .15, 0],[3, .15, 0]]"
SDMS_7,1,"[15, 9, 0]","[[-3, .15, 0],[0, .15, 0],[3, .15, 0]]","[7, 9, 5]","[[-3, .15, 0],[0, .15, 0],[3, .15, 0]]"
SDMS_8,1,"[22, 19, 14]","[[-3, .15, 0],[0, .15, 0],[3, .15, 0]]","[22, 6, 14]","[[-3, .15, 0],[0, .15, 0],[3, .15, 0]]"
SDMS_9,1,"[3, 16, 8]","[[-3, .15, 0],[0, .15, 0],[3, .15, 0]]","[3, 16, 9]","[[-3, .15, 0],[0, .15, 0],[3, .15, 0]]"
SDMS_10,1,"[10, 7, 2]","[[-3, .15, 0],[0, .15, 0],[3, .15, 0]]","[12, 7, 8]","[[-3, .15, 0],[0, .15, 0],[3, .15, 0]]"
SDMS_11,1,"[12, 13, 18]","[[-3, .15, 0],[0, .15, 0],[3, .15, 0]]","[12, 13, 18]","[[-3, .15, 0],[0, .15, 0],[3, .15, 0]]"
SDMS_12,1,"[11, 18, 23]","[[-3, .15, 0],[0, .15, 0],[3, .15, 0]]","[1, 6, 15]","[[-3, .15, 0],[0, .15, 0],[3, .15, 0]]"
SDMS_13,1,"[9, 5, 20]","[[-3, .15, 0],[0, .15, 0],[3, .15, 0]]","[13, 3, 20]","[[-3, .15, 0],[0, .15, 0],[3, .15, 0]]"
SDMS_14,1,"[15, 9, 0]","[[-3, .15, 0],[0, .15, 0],[3, .15, 0]]","[6, 9, 23]","[[-3, .15, 0],[0, .15, 0],[3, .15, 0]]"
SDMS_15,1,"[6, 23, 15]","[[-3, .15, 0],[0, .15, 0],[3, .15, 0]]","[9, 11, 5]","[[-3, .15, 0],[0, .15, 0],[3, .15, 0]]"
SDMS_16,1,"[9, 5, 20]","[[-3, .15, 0],[0, .15, 0],[3, .15, 0]]","[9, 5, 20]","[[-3, .15, 0],[0, .15, 0],[3, .15, 0]]"
SDMS_17,1,"[17, 0, 16]","[[-3, .15, 0],[0, .15, 0],[3, .15, 0]]","[18, 2, 8]","[[-3, .15, 0],[0, .15, 0],[3, .15, 0]]"
SDMS_18,1,"[13, 8, 10]","[[-3, .15, 0],[0, .15, 0],[3, .15, 0]]","[16, 21, 7]","[[-3, .15, 0],[0, .15, 0],[3, .15, 0]]"
SDMS_19,1,"[14, 3, 13]","[[-3, .15, 0],[0, .15, 0],[3, .15, 0]]","[15, 10, 20]","[[-3, .15, 0],[0, .15, 0],[3, .15, 0]]"
SDMS_20,1,"[13, 8, 10]","[[-3, .15, 0],[0, .15, 0],[3, .15, 0]]","[13, 8, 10]","[[-3, .15, 0],[0, .15, 0],[3, .15, 0]]"
SDMS_21,1,"[14, 3, 13]","[[-3, .15, 0],[0, .15, 0],[3, .15, 0]]","[5, 3, 17]","[[-3, .15, 0],[0, .15, 0],[3, .15, 0]]"
SDMS_22,1,"[23, 21, 9]","[[-3, .15, 0],[0, .15, 0],[3, .15, 0]]","[19, 8, 9]","[[-3, .15, 0],[0, .15, 0],[3, .15, 0]]"
SDMS_23,1,"[17, 0, 16]","[[-3, .15, 0],[0, .15, 0],[3, .15, 0]]","[17, 15, 20]","[[-3, .15, 0],[0, .15, 0],[3, .15, 0]]"
SDMS_24,1,"[8, 1, 7]","[[-3, .15, 0],[0, .15, 0],[3, .15, 0]]","[8, 1, 7]","[[-3, .15, 0],[0, .15, 0],[3, .15, 0]]"
SDMS_25,1,"[5, 6, 4]","[[-3, .15, 0],[0, .15, 0],[3, .15, 0]]","[19, 6, 4]","[[-3, .15, 0],[0, .15, 0],[3, .15, 0]]"
SDMS_26,1,"[10, 7, 2]","[[-3, .15, 0],[0, .15, 0],[3, .15, 0]]","[15, 21, 5]","[[-3, .15, 0],[0, .15, 0],[3, .15, 0]]"
SDMS_27,1,"[2, 11, 6]","[[-3, .15, 0],[0, .15, 0],[3, .15, 0]]","[18, 3, 22]","[[-3, .15, 0],[0, .15, 0],[3, .15, 0]]"
SDMS_28,1,"[23, 21, 9]","[[-3, .15, 0],[0, .15, 0],[3, .15, 0]]","[23, 21, 9]","[[-3, .15, 0],[0, .15, 0],[3, .15, 0]]"
SDMS_29,1,"[10, 7, 2]","[[-3, .15, 0],[0, .15, 0],[3, .15, 0]]","[10, 7, 2]","[[-3, .15, 0],[0, .15, 0],[3, .15, 0]]"
SDMS_30,1,"[23, 21, 9]","[[-3, .15, 0],[0, .15, 0],[3, .15, 0]]","[23, 21, 6]","[[-3, .15, 0],[0, .15, 0],[3, .15, 0]]"
SDMS_31,1,"[11, 18, 23]","[[-3, .15, 0],[0, .15, 0],[3, .15, 0]]","[11, 18, 7]","[[-3, .15, 0],[0, .15, 0],[3, .15, 0]]"
SDMS_32,1,"[0, 20, 22]","[[-3, .15, 0],[0, .15, 0],[3, .15, 0]]","[0, 13, 22]","[[-3, .15, 0],[0, .15, 0],[3, .15, 0]]"
SDMS_33,1,"[15, 9, 0]","[[-3, .15, 0],[0, .15, 0],[3, .15, 0]]","[15, 9, 0]","[[-3, .15, 0],[0, .15, 0],[3, .15, 0]]"
SDMS_34,1,"[1, 14, 12]","[[-3, .15, 0],[0, .15, 0],[3, .15, 0]]","[11, 9, 17]","[[-3, .15, 0],[0, .15, 0],[3, .15, 0]]"
SDMS_35,1,"[15, 9, 0]","[[-3, .15, 0],[0, .15, 0],[3, .15, 0]]","[15, 22, 0]","[[-3, .15, 0],[0, .15, 0],[3, .15, 0]]"
SDMS_36,1,"[5, 6, 4]","[[-3, .15, 0],[0, .15, 0],[3, .15, 0]]","[19, 2, 11]","[[-3, .15, 0],[0, .15, 0],[3, .15, 0]]"
SDMS_37,1,"[10, 7, 2]","[[-3, .15, 0],[0, .15, 0],[3, .15, 0]]","[11, 7, 20]","[[-3, .15, 0],[0, .15, 0],[3, .15, 0]]"
SDMS_38,1,"[0, 20, 22]","[[-3, .15, 0],[0, .15, 0],[3, .15, 0]]","[0, 11, 22]","[[-3, .15, 0],[0, .15, 0],[3, .15, 0]]"
SDMS_39,1,"[11, 18, 23]","[[-3, .15, 0],[0, .15, 0],[3, .15, 0]]","[11, 18, 23]","[[-3, .15, 0],[0, .15, 0],[3, .15, 0]]"
SDMS_40,1,"[12, 13, 18]","[[-3, .15, 0],[0, .15, 0],[3, .15, 0]]","[12, 10, 2]","[[-3, .15, 0],[0, .15, 0],[3, .15, 0]]"
SDMS_41,1,"[11, 18, 23]","[[-3, .15, 0],[0, .15, 0],[3, .15, 0]]","[11, 18, 23]","[[-3, .15, 0],[0, .15, 0],[3, .15, 0]]"
SDMS_42,1,"[14, 3, 13]","[[-3, .15, 0],[0, .15, 0],[3, .15, 0]]","[4, 3, 11]","[[-3, .15, 0],[0, .15, 0],[3, .15, 0]]"
SDMS_43,1,"[8, 1, 7]","[[-3, .15, 0],[0, .15, 0],[3, .15, 0]]","[14, 14, 9]","[[-3, .15, 0],[0, .15, 0],[3, .15, 0]]"
SDMS_44,1,"[15, 9, 0]","[[-3, .15, 0],[0, .15, 0],[3, .15, 0]]","[21, 16, 20]","[[-3, .15, 0],[0, .15, 0],[3, .15, 0]]"
SDMS_45,1,"[3, 16, 8]","[[-3, .15, 0],[0, .15, 0],[3, .15, 0]]","[3, 16, 10]","[[-3, .15, 0],[0, .15, 0],[3, .15, 0]]"
SDMS_46,1,"[0, 20, 22]","[[-3, .15, 0],[0, .15, 0],[3, .15, 0]]","[19, 20, 19]","[[-3, .15, 0],[0, .15, 0],[3, .15, 0]]"
SDMS_47,1,"[3, 16, 8]","[[-3, .15, 0],[0, .15, 0],[3, .15, 0]]","[10, 9, 18]","[[-3, .15, 0],[0, .15, 0],[3, .15, 0]]"
SDMS_48,1,"[21, 2, 5]","[[-3, .15, 0],[0, .15, 0],[3, .15, 0]]","[8, 2, 5]","[[-3, .15, 0],[0, .15, 0],[3, .15, 0]]"
SDMS_49,2,"[18, 10, 21]","[[-3, .15, 0],[0, .15, 0],[3, .15, 0]]","[17, 4, 22]","[[-3, .15, 0],[0, .15, 0],[3, .15, 0]]"
SDMS_50,2,"[9, 5, 20]","[[-3, .15, 0],[0, .15, 0],[3, .15, 0]]","[1, 3, 21]","[[-3, .15, 0],[0, .15, 0],[3, .15, 0]]"
SDMS_51,2,"[18, 10, 21]","[[-3, .15, 0],[0, .15, 0],[3, .15, 0]]","[18, 14, 16]","[[-3, .15, 0],[0, .15, 0],[3, .15, 0]]"
SDMS_52,2,"[16, 22, 1]","[[-3, .15, 0],[0, .15, 0],[3, .15, 0]]","[16, 7, 10]","[[-3, .15, 0],[0, .15, 0],[3, .15, 0]]"
SDMS_53,2,"[7, 12, 11]","[[-3, .15, 0],[0, .15, 0],[3, .15, 0]]","[7, 12, 14]","[[-3, .15, 0],[0, .15, 0],[3, .15, 0]]"
SDMS_54,2,"[8, 1, 7]","[[-3, .15, 0],[0, .15, 0],[3, .15, 0]]","[8, 1, 23]","[[-3, .15, 0],[0, .15, 0],[3, .15, 0]]"
SDMS_55,2,"[19, 17, 3]","[[-3, .15, 0],[0, .15, 0],[3, .15, 0]]","[6, 5, 8]","[[-3, .15, 0],[0, .15, 0],[3, .15, 0]]"
SDMS_56,2,"[16, 22, 1]","[[-3, .15, 0],[0, .15, 0],[3, .15, 0]]","[14, 22, 1]","[[-3, .15, 0],[0, .15, 0],[3, .15, 0]]"
SDMS_57,2,"[7, 12, 11]","[[-3, .15, 0],[0, .15, 0],[3, .15, 0]]","[21, 5, 10]","[[-3, .15, 0],[0, .15, 0],[3, .15, 0]]"
SDMS_58,2,"[3, 16, 8]","[[-3, .15, 0],[0, .15, 0],[3, .15, 0]]","[5, 1, 8]","[[-3, .15, 0],[0, .15, 0],[3, .15, 0]]"
SDMS_59,2,"[22, 19, 14]","[[-3, .15, 0],[0, .15, 0],[3, .15, 0]]","[4, 19, 5]","[[-3, .15, 0],[0, .15, 0],[3, .15, 0]]"
SDMS_60,2,"[19, 17, 3]","[[-3, .15, 0],[0, .15, 0],[3, .15, 0]]","[19, 17, 3]","[[-3, .15, 0],[0, .15, 0],[3, .15, 0]]"
SDMS_61,2,"[8, 1, 7]","[[-3, .15, 0],[0, .15, 0],[3, .15, 0]]","[13, 12, 18]","[[-3, .15, 0],[0, .15, 0],[3, .15, 0]]"
SDMS_62,2,"[0, 20, 22]","[[-3, .15, 0],[0, .15, 0],[3, .15, 0]]","[0, 20, 22]","[[-3, .15, 0],[0, .15, 0],[3, .15, 0]]"
SDMS_63,2,"[21, 2, 5]","[[-3, .15, 0],[0, .15, 0],[3, .15, 0]]","[3, 11, 14]","[[-3, .15, 0],[0, .15, 0],[3, .15, 0]]"
SDMS_64,2,"[9, 5, 20]","[[-3, .15, 0],[0, .15, 0],[3, .15, 0]]","[12, 10, 6]","[[-3, .15, 0],[0, .15, 0],[3, .15, 0]]"
SDMS_65,2,"[2, 11, 6]","[[-3, .15, 0],[0, .15, 0],[3, .15, 0]]","[12, 5, 12]","[[-3, .15, 0],[0, .15, 0],[3, .15, 0]]"
SDMS_66,2,"[7, 12, 11]","[[-3, .15, 0],[0, .15, 0],[3, .15, 0]]","[7, 12, 11]","[[-3, .15, 0],[0, .15, 0],[3, .15, 0]]"
SDMS_67,2,"[21, 2, 5]","[[-3, .15, 0],[0, .15, 0],[3, .15, 0]]","[3, 16, 3]","[[-3, .15, 0],[0, .15, 0],[3, .15, 0]]"
SDMS_68,2,"[23, 21, 9]","[[-3, .15, 0],[0, .15, 0],[3, .15, 0]]","[23, 21, 15]","[[-3, .15, 0],[0, .15, 0],[3, .15, 0]]"
SDMS_69,2,"[12, 13, 18]","[[-3, .15, 0],[0, .15, 0],[3, .15, 0]]","[12, 1, 0]","[[-3, .15, 0],[0, .15, 0],[3, .15, 0]]"
SDMS_70,2,"[7, 12, 11]","[[-3, .15, 0],[0, .15, 0],[3, .15, 0]]","[5, 21, 11]","[[-3, .15, 0],[0, .15, 0],[3, .15, 0]]"
SDMS_71,2,"[3, 16, 8]","[[-3, .15, 0],[0, .15, 0],[3, .15, 0]]","[3, 16, 8]","[[-3, .15, 0],[0, .15, 0],[3, .15, 0]]"
SDMS_72,2,"[5, 6, 4]","[[-3, .15, 0],[0, .15, 0],[3, .15, 0]]","[5, 19, 14]","[[-3, .15, 0],[0, .15, 0],[3, .15, 0]]"
SDMS_73,2,"[13, 8, 10]","[[-3, .15, 0],[0, .15, 0],[3, .15, 0]]","[13, 8, 10]","[[-3, .15, 0],[0, .15, 0],[3, .15, 0]]"
SDMS_74,2,"[22, 19, 14]","[[-3, .15, 0],[0, .15, 0],[3, .15, 0]]","[9, 0, 4]","[[-3, .15, 0],[0, .15, 0],[3, .15, 0]]"
SDMS_75,2,"[2, 11, 6]","[[-3, .15, 0],[0, .15, 0],[3, .15, 0]]","[7, 11, 14]","[[-3, .15, 0],[0, .15, 0],[3, .15, 0]]"
SDMS_76,2,"[20, 4, 19]","[[-3, .15, 0],[0, .15, 0],[3, .15, 0]]","[23, 0, 6]","[[-3, .15, 0],[0, .15, 0],[3, .15, 0]]"
SDMS_77,2,"[2, 11, 6]","[[-3, .15, 0],[0, .15, 0],[3, .15, 0]]","[2, 4, 6]","[[-3, .15, 0],[0, .15, 0],[3, .15, 0]]"
SDMS_78,2,"[14, 3, 13]","[[-3, .15, 0],[0, .15, 0],[3, .15, 0]]","[14, 19, 13]","[[-3, .15, 0],[0, .15, 0],[3, .15, 0]]"
SDMS_79,2,"[17, 0, 16]","[[-3, .15, 0],[0, .15, 0],[3, .15, 0]]","[15, 12, 4]","[[-3, .15, 0],[0, .15, 0],[3, .15, 0]]"
SDMS_80,2,"[13, 8, 10]","[[-3, .15, 0],[0, .15, 0],[3, .15, 0]]","[2, 8, 9]","[[-3, .15, 0],[0, .15, 0],[3, .15, 0]]"
SDMS_81,2,"[2, 11, 6]","[[-3, .15, 0],[0, .15, 0],[3, .15, 0]]","[2, 0, 6]","[[-3, .15, 0],[0, .15, 0],[3, .15, 0]]"
SDMS_82,2,"[8, 1, 7]","[[-3, .15, 0],[0, .15, 0],[3, .15, 0]]","[8, 1, 9]","[[-3, .15, 0],[0, .15, 0],[3, .15, 0]]"
SDMS_83,2,"[4, 15, 17]","[[-3, .15, 0],[0, .15, 0],[3, .15, 0]]","[23, 7, 8]","[[-3, .15, 0],[0, .15, 0],[3, .15, 0]]"
SDMS_84,2,"[2, 11, 6]","[[-3, .15, 0],[0, .15, 0],[3, .15, 0]]","[2, 11, 6]","[[-3, .15, 0],[0, .15, 0],[3, .15, 0]]"
SDMS_85,2,"[16, 22, 1]","[[-3, .15, 0],[0, .15, 0],[3, .15, 0]]","[16, 10, 3]","[[-3, .15, 0],[0, .15, 0],[3, .15, 0]]"
SDMS_86,2,"[5, 6, 4]","[[-3, .15, 0],[0, .15, 0],[3, .15, 0]]","[16, 17, 16]","[[-3, .15, 0],[0, .15, 0],[3, .15, 0]]"
SDMS_87,2,"[0, 20, 22]","[[-3, .15, 0],[0, .15, 0],[3, .15, 0]]","[14, 12, 3]","[[-3, .15, 0],[0, .15, 0],[3, .15, 0]]"
SDMS_88,2,"[6, 23, 15]","[[-3, .15, 0],[0, .15, 0],[3, .15, 0]]","[20, 23, 2]","[[-3, .15, 0],[0, .15, 0],[3, .15, 0]]"
SDMS_89,2,"[17, 0, 16]","[[-3, .15, 0],[0, .15, 0],[3, .15, 0]]","[17, 0, 16]","[[-3, .15, 0],[0, .15, 0],[3, .15, 0]]"
SDMS_90,2,"[14, 3, 13]","[[-3, .15, 0],[0, .15, 0],[3, .15, 0]]","[14, 16, 13]","[[-3, .15, 0],[0, .15, 0],[3, .15, 0]]"
SDMS_91,2,"[9, 5, 20]","[[-3, .15, 0],[0, .15, 0],[3, .15, 0]]","[9, 5, 11]","[[-3, .15, 0],[0, .15, 0],[3, .15, 0]]"
SDMS_92,2,"[5, 6, 4]","[[-3, .15, 0],[0, .15, 0],[3, .15, 0]]","[5, 6, 4]","[[-3, .15, 0],[0, .15, 0],[3, .15, 0]]"
SDMS_93,2,"[11, 18, 23]","[[-3, .15, 0],[0, .15, 0],[3, .15, 0]]","[13, 7, 23]","[[-3, .15, 0],[0, .15, 0],[3, .15, 0]]"
SDMS_94,2,"[6, 23, 15]","[[-3, .15, 0],[0, .15, 0],[3, .15, 0]]","[6, 23, 15]","[[-3, .15, 0],[0, .15, 0],[3, .15, 0]]"
SDMS_95,2,"[18, 10, 21]","[[-3, .15, 0],[0, .15, 0],[3, .15, 0]]","[18, 17, 17]","[[-3, .15, 0],[0, .15, 0],[3, .15, 0]]"
SDMS_96,2,"[22, 19, 14]","[[-3, .15, 0],[0, .15, 0],[3, .15, 0]]","[17, 19, 16]","[[-3, .15, 0],[0, .15, 0],[3, .15, 0]]"
SDMS_97,3,"[20, 4, 19]","[[-3, .15, 0],[0, .15, 0],[3, .15, 0]]","[22, 8, 12]","[[-3, .15, 0],[0, .15, 0],[3, .15, 0]]"
SDMS_98,3,"[1, 14, 12]","[[-3, .15, 0],[0, .15, 0],[3, .15, 0]]","[6, 14, 12]","[[-3, .15, 0],[0, .15, 0],[3, .15, 0]]"
SDMS_99,3,"[9, 5, 20]","[[-3, .15, 0],[0, .15, 0],[3, .15, 0]]","[9, 5, 16]","[[-3, .15, 0],[0, .15, 0],[3, .15, 0]]"
SDMS_100,3,"[18, 10, 21]","[[-3, .15, 0],[0, .15, 0],[3, .15, 0]]","[18, 10, 21]","[[-3, .15, 0],[0, .15, 0],[3, .15, 0]]"
SDMS_101,3,"[1, 14, 12]","[[-3, .15, 0],[0, .15, 0],[3, .15, 0]]","[1, 18, 22]","[[-3, .15, 0],[0, .15, 0],[3, .15, 0]]"
SDMS_102,3,"[4, 15, 17]","[[-3, .15, 0],[0, .15, 0],[3, .15, 0]]","[4, 15, 17]","[[-3, .15, 0],[0, .15, 0],[3, .15, 0]]"
SDMS_103,3,"[5, 6, 4]","[[-3, .15, 0],[0, .15, 0],[3, .15, 0]]","[8, 6, 4]","[[-3, .15, 0],[0, .15, 0],[3, .15, 0]]"
SDMS_104,3,"[7, 12, 11]","[[-3, .15, 0],[0, .15, 0],[3, .15, 0]]","[0, 9, 11]","[[-3, .15, 0],[0, .15, 0],[3, .15, 0]]"
SDMS_105,3,"[20, 4, 19]","[[-3, .15, 0],[0, .15, 0],[3, .15, 0]]","[8, 21, 19]","[[-3, .15, 0],[0, .15, 0],[3, .15, 0]]"
SDMS_106,3,"[12, 13, 18]","[[-3, .15, 0],[0, .15, 0],[3, .15, 0]]","[4, 17, 3]","[[-3, .15, 0],[0, .15, 0],[3, .15, 0]]"
SDMS_107,3,"[13, 8, 10]","[[-3, .15, 0],[0, .15, 0],[3, .15, 0]]","[13, 23, 10]","[[-3, .15, 0],[0, .15, 0],[3, .15, 0]]"
SDMS_108,3,"[22, 19, 14]","[[-3, .15, 0],[0, .15, 0],[3, .15, 0]]","[22, 19, 14]","[[-3, .15, 0],[0, .15, 0],[3, .15, 0]]"
SDMS_109,3,"[2, 11, 6]","[[-3, .15, 0],[0, .15, 0],[3, .15, 0]]","[2, 11, 6]","[[-3, .15, 0],[0, .15, 0],[3, .15, 0]]"
SDMS_110,3,"[11, 18, 23]","[[-3, .15, 0],[0, .15, 0],[3, .15, 0]]","[22, 15, 23]","[[-3, .15, 0],[0, .15, 0],[3, .15, 0]]"
SDMS_111,3,"[20, 4, 19]","[[-3, .15, 0],[0, .15, 0],[3, .15, 0]]","[20, 4, 23]","[[-3, .15, 0],[0, .15, 0],[3, .15, 0]]"
SDMS_112,3,"[5, 6, 4]","[[-3, .15, 0],[0, .15, 0],[3, .15, 0]]","[5, 6, 4]","[[-3, .15, 0],[0, .15, 0],[3, .15, 0]]"
SDMS_113,3,"[17, 0, 16]","[[-3, .15, 0],[0, .15, 0],[3, .15, 0]]","[17, 0, 16]","[[-3, .15, 0],[0, .15, 0],[3, .15, 0]]"
SDMS_114,3,"[15, 9, 0]","[[-3, .15, 0],[0, .15, 0],[3, .15, 0]]","[15, 9, 0]","[[-3, .15, 0],[0, .15, 0],[3, .15, 0]]"
SDMS_115,3,"[3, 16, 8]","[[-3, .15, 0],[0, .15, 0],[3, .15, 0]]","[10, 20, 8]","[[-3, .15, 0],[0, .15, 0],[3, .15, 0]]"
SDMS_116,3,"[0, 20, 22]","[[-3, .15, 0],[0, .15, 0],[3, .15, 0]]","[9, 20, 11]","[[-3, .15, 0],[0, .15, 0],[3, .15, 0]]"
SDMS_117,3,"[21, 2, 5]","[[-3, .15, 0],[0, .15, 0],[3, .15, 0]]","[21, 2, 5]","[[-3, .15, 0],[0, .15, 0],[3, .15, 0]]"
SDMS_118,3,"[18, 10, 21]","[[-3, .15, 0],[0, .15, 0],[3, .15, 0]]","[0, 10, 21]","[[-3, .15, 0],[0, .15, 0],[3, .15, 0]]"
SDMS_119,3,"[21, 2, 5]","[[-3, .15, 0],[0, .15, 0],[3, .15, 0]]","[21, 15, 19]","[[-3, .15, 0],[0, .15, 0],[3, .15, 0]]"
SDMS_120,3,"[17, 0, 16]","[[-3, .15, 0],[0, .15, 0],[3, .15, 0]]","[17, 23, 21]","[[-3, .15, 0],[0, .15, 0],[3, .15, 0]]"
SDMS_121,3,"[12, 13, 18]","[[-3, .15, 0],[0, .15, 0],[3, .15, 0]]","[2, 13, 18]","[[-3, .15, 0],[0, .15, 0],[3, .15, 0]]"
SDMS_122,3,"[19, 17, 3]","[[-3, .15, 0],[0, .15, 0],[3, .15, 0]]","[19, 17, 12]","[[-3, .15, 0],[0, .15, 0],[3, .15, 0]]"
SDMS_123,3,"[23, 21, 9]","[[-3, .15, 0],[0, .15, 0],[3, .15, 0]]","[3, 1, 9]","[[-3, .15, 0],[0, .15, 0],[3, .15, 0]]"
SDMS_124,3,"[10, 7, 2]","[[-3, .15, 0],[0, .15, 0],[3, .15, 0]]","[10, 7, 2]","[[-3, .15, 0],[0, .15, 0],[3, .15, 0]]"
SDMS_125,3,"[6, 23, 15]","[[-3, .15, 0],[0, .15, 0],[3, .15, 0]]","[6, 1, 15]","[[-3, .15, 0],[0, .15, 0],[3, .15, 0]]"
SDMS_126,3,"[20, 4, 19]","[[-3, .15, 0],[0, .15, 0],[3, .15, 0]]","[20, 4, 19]","[[-3, .15, 0],[0, .15, 0],[3, .15, 0]]"
SDMS_127,3,"[6, 23, 15]","[[-3, .15, 0],[0, .15, 0],[3, .15, 0]]","[6, 23, 15]","[[-3, .15, 0],[0, .15, 0],[3, .15, 0]]"
SDMS_128,3,"[0, 20, 22]","[[-3, .15, 0],[0, .15, 0],[3, .15, 0]]","[0, 20, 22]","[[-3, .15, 0],[0, .15, 0],[3, .15, 0]]"
SDMS_129,3,"[10, 7, 2]","[[-3, .15, 0],[0, .15, 0],[3, .15, 0]]","[10, 13, 2]","[[-3, .15, 0],[0, .15, 0],[3, .15, 0]]"
SDMS_130,3,"[3, 16, 8]","[[-3, .15, 0],[0, .15, 0],[3, .15, 0]]","[11, 12, 19]","[[-3, .15, 0],[0, .15, 0],[3, .15, 0]]"
SDMS_131,3,"[8, 1, 7]","[[-3, .15, 0],[0, .15, 0],[3, .15, 0]]","[12, 22, 7]","[[-3, .15, 0],[0, .15, 0],[3, .15, 0]]"
SDMS_132,3,"[14, 3, 13]","[[-3, .15, 0],[0, .15, 0],[3, .15, 0]]","[14, 3, 13]","[[-3, .15, 0],[0, .15, 0],[3, .15, 0]]"
SDMS_133,3,"[21, 2, 5]","[[-3, .15, 0],[0, .15, 0],[3, .15, 0]]","[13, 2, 5]","[[-3, .15, 0],[0, .15, 0],[3, .15, 0]]"
SDMS_134,3,"[17, 0, 16]","[[-3, .15, 0],[0, .15, 0],[3, .15, 0]]","[10, 0, 16]","[[-3, .15, 0],[0, .15, 0],[3, .15, 0]]"
SDMS_135,3,"[16, 22, 1]","[[-3, .15, 0],[0, .15, 0],[3, .15, 0]]","[21, 22, 1]","[[-3, .15, 0],[0, .15, 0],[3, .15, 0]]"
SDMS_136,3,"[10, 7, 2]","[[-3, .15, 0],[0, .15, 0],[3, .15, 0]]","[10, 4, 2]","[[-3, .15, 0],[0, .15, 0],[3, .15, 0]]"
SDMS_137,3,"[13, 8, 10]","[[-3, .15, 0],[0, .15, 0],[3, .15, 0]]","[13, 3, 10]","[[-3, .15, 0],[0, .15, 0],[3, .15, 0]]"
SDMS_138,3,"[19, 17, 3]","[[-3, .15, 0],[0, .15, 0],[3, .15, 0]]","[19, 17, 3]","[[-3, .15, 0],[0, .15, 0],[3, .15, 0]]"
SDMS_139,3,"[7, 12, 11]","[[-3, .15, 0],[0, .15, 0],[3, .15, 0]]","[7, 12, 4]","[[-3, .15, 0],[0, .15, 0],[3, .15, 0]]"
SDMS_140,3,"[16, 22, 1]","[[-3, .15, 0],[0, .15, 0],[3, .15, 0]]","[14, 14, 15]","[[-3, .15, 0],[0, .15, 0],[3, .15, 0]]"
SDMS_141,3,"[2, 11, 6]","[[-3, .15, 0],[0, .15, 0],[3, .15, 0]]","[5, 11, 7]","[[-3, .15, 0],[0, .15, 0],[3, .15, 0]]"
SDMS_142,3,"[12, 13, 18]","[[-3, .15, 0],[0, .15, 0],[3, .15, 0]]","[1, 5, 21]","[[-3, .15, 0],[0, .15, 0],[3, .15, 0]]"
SDMS_143,3,"[23, 21, 9]","[[-3, .15, 0],[0, .15, 0],[3, .15, 0]]","[23, 21, 9]","[[-3, .15, 0],[0, .15, 0],[3, .15, 0]]"
SDMS_144,3,"[16, 22, 1]","[[-3, .15, 0],[0, .15, 0],[3, .15, 0]]","[7, 6, 4]","[[-3, .15, 0],[0, .15, 0],[3, .15, 0]]"
SDMS_145,4,"[23, 21, 9]","[[-3, .15, 0],[0, .15, 0],[3, .15, 0]]","[3, 4, 6]","[[-3, .15, 0],[0, .15, 0],[3, .15, 0]]"
SDMS_146,4,"[7, 12, 11]","[[-3, .15, 0],[0, .15, 0],[3, .15, 0]]","[7, 12, 11]","[[-3, .15, 0],[0, .15, 0],[3, .15, 0]]"
SDMS_147,4,"[19, 17, 3]","[[-3, .15, 0],[0, .15, 0],[3, .15, 0]]","[16, 20, 3]","[[-3, .15, 0],[0, .15, 0],[3, .15, 0]]"
SDMS_148,4,"[4, 15, 17]","[[-3, .15, 0],[0, .15, 0],[3, .15, 0]]","[11, 20, 13]","[[-3, .15, 0],[0, .15, 0],[3, .15, 0]]"
SDMS_149,4,"[6, 23, 15]","[[-3, .15, 0],[0, .15, 0],[3, .15, 0]]","[6, 18, 15]","[[-3, .15, 0],[0, .15, 0],[3, .15, 0]]"
SDMS_150,4,"[16, 22, 1]","[[-3, .15, 0],[0, .15, 0],[3, .15, 0]]","[16, 22, 1]","[[-3, .15, 0],[0, .15, 0],[3, .15, 0]]"
SDMS_151,4,"[13, 8, 10]","[[-3, .15, 0],[0, .15, 0],[3, .15, 0]]","[20, 8, 22]","[[-3, .15, 0],[0, .15, 0],[3, .15, 0]]"
SDMS_152,4,"[6, 23, 15]","[[-3, .15, 0],[0, .15, 0],[3, .15, 0]]","[9, 22, 0]","[[-3, .15, 0],[0, .15, 0],[3, .15, 0]]"
SDMS_153,4,"[16, 22, 1]","[[-3, .15, 0],[0, .15, 0],[3, .15, 0]]","[16, 22, 1]","[[-3, .15, 0],[0, .15, 0],[3, .15, 0]]"
SDMS_154,4,"[14, 3, 13]","[[-3, .15, 0],[0, .15, 0],[3, .15, 0]]","[20, 8, 7]","[[-3, .15, 0],[0, .15, 0],[3, .15, 0]]"
SDMS_155,4,"[19, 17, 3]","[[-3, .15, 0],[0, .15, 0],[3, .15, 0]]","[19, 17, 1]","[[-3, .15, 0],[0, .15, 0],[3, .15, 0]]"
SDMS_156,4,"[8, 1, 7]","[[-3, .15, 0],[0, .15, 0],[3, .15, 0]]","[20, 14, 7]","[[-3, .15, 0],[0, .15, 0],[3, .15, 0]]"
SDMS_157,4,"[19, 17, 3]","[[-3, .15, 0],[0, .15, 0],[3, .15, 0]]","[0, 11, 1]","[[-3, .15, 0],[0, .15, 0],[3, .15, 0]]"
SDMS_158,4,"[4, 15, 17]","[[-3, .15, 0],[0, .15, 0],[3, .15, 0]]","[4, 9, 1]","[[-3, .15, 0],[0, .15, 0],[3, .15, 0]]"
SDMS_159,4,"[15, 9, 0]","[[-3, .15, 0],[0, .15, 0],[3, .15, 0]]","[15, 18, 0]","[[-3, .15, 0],[0, .15, 0],[3, .15, 0]]"
SDMS_160,4,"[9, 5, 20]","[[-3, .15, 0],[0, .15, 0],[3, .15, 0]]","[23, 0, 20]","[[-3, .15, 0],[0, .15, 0],[3, .15, 0]]"
SDMS_161,4,"[8, 1, 7]","[[-3, .15, 0],[0, .15, 0],[3, .15, 0]]","[8, 1, 7]","[[-3, .15, 0],[0, .15, 0],[3, .15, 0]]"
SDMS_162,4,"[11, 18, 23]","[[-3, .15, 0],[0, .15, 0],[3, .15, 0]]","[6, 19, 2]","[[-3, .15, 0],[0, .15, 0],[3, .15, 0]]"
SDMS_163,4,"[18, 10, 21]","[[-3, .15, 0],[0, .15, 0],[3, .15, 0]]","[7, 10, 21]","[[-3, .15, 0],[0, .15, 0],[3, .15, 0]]"
SDMS_164,4,"[22, 19, 14]","[[-3, .15, 0],[0, .15, 0],[3, .15, 0]]","[4, 23, 2]","[[-3, .15, 0],[0, .15, 0],[3, .15, 0]]"
SDMS_165,4,"[21, 2, 5]","[[-3, .15, 0],[0, .15, 0],[3, .15, 0]]","[21, 2, 5]","[[-3, .15, 0],[0, .15, 0],[3, .15, 0]]"
SDMS_166,4,"[4, 15, 17]","[[-3, .15, 0],[0, .15, 0],[3, .15, 0]]","[10, 15, 17]","[[-3, .15, 0],[0, .15, 0],[3, .15, 0]]"
SDMS_167,4,"[13, 8, 10]","[[-3, .15, 0],[0, .15, 0],[3, .15, 0]]","[23, 22, 21]","[[-3, .15, 0],[0, .15, 0],[3, .15, 0]]"
SDMS_168,4,"[14, 3, 13]","[[-3, .15, 0],[0, .15, 0],[3, .15, 0]]","[14, 3, 13]","[[-3, .15, 0],[0, .15, 0],[3, .15, 0]]"
SDMS_169,4,"[18, 10, 21]","[[-3, .15, 0],[0, .15, 0],[3, .15, 0]]","[18, 10, 21]","[[-3, .15, 0],[0, .15, 0],[3, .15, 0]]"
SDMS_170,4,"[12, 13, 18]","[[-3, .15, 0],[0, .15, 0],[3, .15, 0]]","[17, 13, 18]","[[-3, .15, 0],[0, .15, 0],[3, .15, 0]]"
SDMS_171,4,"[21, 2, 5]","[[-3, .15, 0],[0, .15, 0],[3, .15, 0]]","[21, 20, 13]","[[-3, .15, 0],[0, .15, 0],[3, .15, 0]]"
SDMS_172,4,"[1, 14, 12]","[[-3, .15, 0],[0, .15, 0],[3, .15, 0]]","[8, 14, 12]","[[-3, .15, 0],[0, .15, 0],[3, .15, 0]]"
SDMS_173,4,"[20, 4, 19]","[[-3, .15, 0],[0, .15, 0],[3, .15, 0]]","[20, 4, 19]","[[-3, .15, 0],[0, .15, 0],[3, .15, 0]]"
SDMS_174,4,"[0, 20, 22]","[[-3, .15, 0],[0, .15, 0],[3, .15, 0]]","[2, 8, 18]","[[-3, .15, 0],[0, .15, 0],[3, .15, 0]]"
SDMS_175,4,"[7, 12, 11]","[[-3, .15, 0],[0, .15, 0],[3, .15, 0]]","[15, 2, 19]","[[-3, .15, 0],[0, .15, 0],[3, .15, 0]]"
SDMS_176,4,"[1, 14, 12]","[[-3, .15, 0],[0, .15, 0],[3, .15, 0]]","[1, 14, 12]","[[-3, .15, 0],[0, .15, 0],[3, .15, 0]]"
SDMS_177,4,"[11, 18, 23]","[[-3, .15, 0],[0, .15, 0],[3, .15, 0]]","[11, 18, 15]","[[-3, .15, 0],[0, .15, 0],[3, .15, 0]]"
SDMS_178,4,"[22, 19, 14]","[[-3, .15, 0],[0, .15, 0],[3, .15, 0]]","[22, 18, 14]","[[-3, .15, 0],[0, .15, 0],[3, .15, 0]]"
SDMS_179,4,"[23, 21, 9]","[[-3, .15, 0],[0, .15, 0],[3, .15, 0]]","[22, 19, 18]","[[-3, .15, 0],[0, .15, 0],[3, .15, 0]]"
SDMS_180,4,"[1, 14, 12]","[[-3, .15, 0],[0, .15, 0],[3, .15, 0]]","[1, 14, 12]","[[-3, .15, 0],[0, .15, 0],[3, .15, 0]]"
SDMS_181,4,"[17, 0, 16]","[[-3, .15, 0],[0, .15, 0],[3, .15, 0]]","[18, 0, 16]","[[-3, .15, 0],[0, .15, 0],[3, .15, 0]]"
SDMS_182,4,"[5, 6, 4]","[[-3, .15, 0],[0, .15, 0],[3, .15, 0]]","[5, 13, 13]","[[-3, .15, 0],[0, .15, 0],[3, .15, 0]]"
SDMS_183,4,"[4, 15, 17]","[[-3, .15, 0],[0, .15, 0],[3, .15, 0]]","[4, 15, 17]","[[-3, .15, 0],[0, .15, 0],[3, .15, 0]]"
SDMS_184,4,"[20, 4, 19]","[[-3, .15, 0],[0, .15, 0],[3, .15, 0]]","[20, 4, 1]","[[-3, .15, 0],[0, .15, 0],[3, .15, 0]]"
SDMS_185,4,"[22, 19, 14]","[[-3, .15, 0],[0, .15, 0],[3, .15, 0]]","[22, 19, 14]","[[-3, .15, 0],[0, .15, 0],[3, .15, 0]]"
SDMS_186,4,"[20, 4, 19]","[[-3, .15, 0],[0, .15, 0],[3, .15, 0]]","[1, 6, 19]","[[-3, .15, 0],[0, .15, 0],[3, .15, 0]]"
SDMS_187,4,"[3, 16, 8]","[[-3, .15, 0],[0, .15, 0],[3, .15, 0]]","[3, 16, 8]","[[-3, .15, 0],[0, .15, 0],[3, .15, 0]]"
SDMS_188,4,"[9, 5, 20]","[[-3, .15, 0],[0, .15, 0],[3, .15, 0]]","[9, 5, 20]","[[-3, .15, 0],[0, .15, 0],[3, .15, 0]]"
SDMS_189,4,"[19, 17, 3]","[[-3, .15, 0],[0, .15, 0],[3, .15, 0]]","[18, 23, 3]","[[-3, .15, 0],[0, .15, 0],[3, .15, 0]]"
SDMS_190,4,"[10, 7, 2]","[[-3, .15, 0],[0, .15, 0],[3, .15, 0]]","[22, 16, 0]","[[-3, .15, 0],[0, .15, 0],[3, .15, 0]]"
SDMS_191,4,"[1, 14, 12]","[[-3, .15, 0],[0, .15, 0],[3, .15, 0]]","[1, 15, 0]","[[-3, .15, 0],[0, .15, 0],[3, .15, 0]]"
SDMS_192,4,"[12, 13, 18]","[[-3, .15, 0],[0, .15, 0],[3, .15, 0]]","[12, 13, 18]","[[-3, .15, 0],[0, .15, 0],[3, .15, 0]]"